Ученик1;5А;1
Ученик2;5А;1
Ученик3;5А;1
Ученик4;5А;1
Ученик5;5А;1
Ученик6;5А;1
Ученик7;5А;1
Ученик8;5А;1
Ученик9;5А;1
Ученик10;5А;1
Ученик11;5А;1
Ученик12;5А;1
Ученик13;5А;1
Ученик14;5А;2
Ученик15;5А;2
Ученик16;5А;2
Ученик17;5А;2
Ученик18;5А;2
Ученик19;5А;2
Ученик20;5А;2
Ученик21;5А;2
Ученик22;5А;2
Ученик23;5А;2
Ученик24;5А;2
Ученик25;5А;2
Ученик26;5А;2
Ученик27;5А;2
Ученик28;5А;2
Ученик29;5Б;1
Ученик30;5Б;1
Ученик31;5Б;1
Ученик32;5Б;1
Ученик33;5Б;1
Ученик34;5Б;1
Ученик35;5Б;1
Ученик36;5Б;1
Ученик37;5Б;1
Ученик38;5Б;1
Ученик39;5Б;1
Ученик40;5Б;2
Ученик41;5Б;2
Ученик42;5Б;2
Ученик43;5Б;2
Ученик44;5Б;2
Ученик45;5Б;2
Ученик46;5Б;2
Ученик47;5Б;2
Ученик48;5Б;2
Ученик49;5Б;2
Ученик50;5Б;2
Ученик51;5Б;2
Ученик52;5Б;2
Ученик53;5Б;2
Ученик54;5Б;2
Ученик55;5Б;2
Ученик56;5В;1
Ученик57;5В;1
Ученик58;5В;1
Ученик59;5В;1
Ученик60;5В;1
Ученик61;5В;1
Ученик62;5В;1
Ученик63;5В;1
Ученик64;5В;1
Ученик65;5В;1
Ученик66;5В;1
Ученик67;5В;2
Ученик68;5В;2
Ученик69;5В;2
Ученик70;5В;2
Ученик71;5В;2
Ученик72;5В;2
Ученик73;5В;2
Ученик74;5В;2
Ученик75;5В;2
Ученик76;5В;2
Ученик77;5В;2
Ученик78;5В;2
Ученик79;5В;2
Ученик80;5В;2
Ученик81;5Г;1
Ученик82;5Г;1
Ученик83;5Г;1
Ученик84;5Г;1
Ученик85;5Г;1
Ученик86;5Г;1
Ученик87;5Г;1
Ученик88;5Г;1
Ученик89;5Г;1
Ученик90;5Г;1
Ученик91;5Г;2
Ученик92;5Г;2
Ученик93;5Г;2
Ученик94;5Г;2
Ученик95;5Г;2
Ученик96;5Г;2
Ученик97;5Г;2
Ученик98;5Г;2
Ученик99;5Г;2
Ученик100;5Г;2
Ученик101;5Г;2
Ученик102;5Г;2
Ученик103;5Г;2
Ученик104;5Г;2
Ученик105;6А;1
Ученик106;6А;1
Ученик107;6А;1
Ученик108;6А;1
Ученик109;6А;1
Ученик110;6А;1
Ученик111;6А;1
Ученик112;6А;1
Ученик113;6А;1
Ученик114;6А;1
Ученик115;6А;1
Ученик116;6А;1
Ученик117;6А;1
Ученик118;6А;1
Ученик119;6А;2
Ученик120;6А;2
Ученик121;6А;2
Ученик122;6А;2
Ученик123;6А;2
Ученик124;6А;2
Ученик125;6А;2
Ученик126;6А;2
Ученик127;6А;2
Ученик128;6А;2
Ученик129;6А;2
Ученик130;6А;2
Ученик131;6А;2
Ученик132;6А;2
Ученик133;6А;2
Ученик134;6А;2
Ученик135;6А;2
Ученик136;6Б;1
Ученик137;6Б;1
Ученик138;6Б;1
Ученик139;6Б;1
Ученик140;6Б;1
Ученик141;6Б;1
Ученик142;6Б;1
Ученик143;6Б;1
Ученик144;6Б;1
Ученик145;6Б;1
Ученик146;6Б;1
Ученик147;6Б;1
Ученик148;6Б;2
Ученик149;6Б;2
Ученик150;6Б;2
Ученик151;6Б;2
Ученик152;6Б;2
Ученик153;6Б;2
Ученик154;6Б;2
Ученик155;6Б;2
Ученик156;6Б;2
Ученик157;6Б;2
Ученик158;6Б;2
Ученик159;6Б;2
Ученик160;6Б;2
Ученик161;6Б;2
Ученик162;6Б;2
Ученик163;6Б;2
Ученик164;6В;1
Ученик165;6В;1
Ученик166;6В;1
Ученик167;6В;1
Ученик168;6В;1
Ученик169;6В;1
Ученик170;6В;1
Ученик171;6В;1
Ученик172;6В;1
Ученик173;6В;1
Ученик174;6В;1
Ученик175;6В;1
Ученик176;6В;1
Ученик177;6В;1
Ученик178;6В;1
Ученик179;6В;1
Ученик180;6В;2
Ученик181;6В;2
Ученик182;6В;2
Ученик183;6В;2
Ученик184;6В;2
Ученик185;6В;2
Ученик186;6В;2
Ученик187;6В;2
Ученик188;6В;2
Ученик189;6В;2
Ученик190;6В;2
Ученик191;6В;2
Ученик192;6В;2
Ученик193;6В;2
Ученик194;6В;2
Ученик195;6В;2
Ученик196;7А;1
Ученик197;7А;1
Ученик198;7А;1
Ученик199;7А;1
Ученик200;7А;1
Ученик201;7А;1
Ученик202;7А;1
Ученик203;7А;1
Ученик204;7А;1
Ученик205;7А;1
Ученик206;7А;1
Ученик207;7А;1
Ученик208;7А;1
Ученик209;7А;2
Ученик210;7А;2
Ученик211;7А;2
Ученик212;7А;2
Ученик213;7А;2
Ученик214;7А;2
Ученик215;7А;2
Ученик216;7А;2
Ученик217;7А;2
Ученик218;7А;2
Ученик219;7А;2
Ученик220;7А;2
Ученик221;7А;2
Ученик222;7А;2
Ученик223;7А;2
Ученик224;7А;2
Ученик225;7Б;1
Ученик226;7Б;1
Ученик227;7Б;1
Ученик228;7Б;1
Ученик229;7Б;1
Ученик230;7Б;1
Ученик231;7Б;1
Ученик232;7Б;1
Ученик233;7Б;1
Ученик234;7Б;1
Ученик235;7Б;1
Ученик236;7Б;1
Ученик237;7Б;1
Ученик238;7Б;1
Ученик239;7Б;1
Ученик240;7Б;2
Ученик241;7Б;2
Ученик242;7Б;2
Ученик243;7Б;2
Ученик244;7Б;2
Ученик245;7Б;2
Ученик246;7Б;2
Ученик247;7Б;2
Ученик248;7Б;2
Ученик249;7Б;2
Ученик250;7Б;2
Ученик251;7Б;2
Ученик252;7Б;2
Ученик253;7Б;2
Ученик254;7Б;2
Ученик255;7В;1
Ученик256;7В;1
Ученик257;7В;1
Ученик258;7В;1
Ученик259;7В;1
Ученик260;7В;1
Ученик261;7В;1
Ученик262;7В;1
Ученик263;7В;1
Ученик264;7В;1
Ученик265;7В;1
Ученик266;7В;1
Ученик267;7В;1
Ученик268;7В;1
Ученик269;7В;1
Ученик270;7В;2
Ученик271;7В;2
Ученик272;7В;2
Ученик273;7В;2
Ученик274;7В;2
Ученик275;7В;2
Ученик276;7В;2
Ученик277;7В;2
Ученик278;7В;2
Ученик279;7В;2
Ученик280;7В;2
Ученик281;7В;2
Ученик282;7В;2
Ученик283;7В;2
Ученик284;7В;2
Ученик285;7В;2
Ученик286;7В;2
Ученик287;8А;1
Ученик288;8А;1
Ученик289;8А;1
Ученик290;8А;1
Ученик291;8А;1
Ученик292;8А;1
Ученик293;8А;1
Ученик294;8А;1
Ученик295;8А;1
Ученик296;8А;1
Ученик297;8А;1
Ученик298;8А;1
Ученик299;8А;1
Ученик300;8А;1
Ученик301;8А;2
Ученик302;8А;2
Ученик303;8А;2
Ученик304;8А;2
Ученик305;8А;2
Ученик306;8А;2
Ученик307;8А;2
Ученик308;8А;2
Ученик309;8А;2
Ученик310;8А;2
Ученик311;8А;2
Ученик312;8А;2
Ученик313;8А;2
Ученик314;8А;2
Ученик315;8А;2
Ученик316;8А;2
Ученик317;8А;2
Ученик318;8Б;эк.
Ученик319;8Б;эк.
Ученик320;8Б;эк.
Ученик321;8Б;эк.
Ученик322;8Б;эк.
Ученик323;8Б;эк.
Ученик324;8Б;эк.
Ученик325;8Б;эк.
Ученик326;8Б;эк.
Ученик327;8Б;эк.
Ученик328;8Б;эк.
Ученик329;8Б;эк.
Ученик330;8Б;эк.
Ученик331;8Б;эк.
Ученик332;8Б;эк.
Ученик333;8Б;эк.
Ученик334;8Б;эк.
Ученик335;8Б;ест.
Ученик336;8Б;ест.
Ученик337;8Б;ест.
Ученик338;8Б;ест.
Ученик339;8Б;ест.
Ученик340;8Б;ест.
Ученик341;8Б;ест.
Ученик342;8Б;ест.
Ученик343;8Б;ест.
Ученик344;8Б;ест.
Ученик345;8Б;ест.
Ученик346;8Б;ест.
Ученик347;8Б;ест.
Ученик348;8Б;ест.
Ученик349;8Б;ест.
Ученик350;8Б;ест.
Ученик351;8Б;ест.
Ученик352;8В;1
Ученик353;8В;1
Ученик354;8В;1
Ученик355;8В;1
Ученик356;8В;1
Ученик357;8В;1
Ученик358;8В;1
Ученик359;8В;1
Ученик360;8В;1
Ученик361;8В;2
Ученик362;8В;2
Ученик363;8В;2
Ученик364;8В;2
Ученик365;8В;2
Ученик366;8В;2
Ученик367;8В;2
Ученик368;8В;2
Ученик369;8В;2
Ученик370;8В;2
Ученик371;8В;2
Ученик372;8В;2
Ученик373;9А;1
Ученик374;9А;1
Ученик375;9А;1
Ученик376;9А;1
Ученик377;9А;1
Ученик378;9А;1
Ученик379;9А;1
Ученик380;9А;1
Ученик381;9А;1
Ученик382;9А;1
Ученик383;9А;2
Ученик384;9А;2
Ученик385;9А;2
Ученик386;9А;2
Ученик387;9А;2
Ученик388;9А;2
Ученик389;9А;2
Ученик390;9А;2
Ученик391;9А;2
Ученик392;9А;2
Ученик393;9А;2
Ученик394;9А;2
Ученик395;9А;2
Ученик396;9Б;ест.
Ученик397;9Б;ест.
Ученик398;9Б;ест.
Ученик399;9Б;ест.
Ученик400;9Б;ест.
Ученик401;9Б;ест.
Ученик402;9Б;ест.
Ученик403;9Б;ест.
Ученик404;9Б;ест.
Ученик405;9Б;ест.
Ученик406;9Б;ест.
Ученик407;9Б;ест.
Ученик408;9Б;ест.
Ученик409;9Б;эк.
Ученик410;9Б;эк.
Ученик411;9Б;эк.
Ученик412;9Б;эк.
Ученик413;9Б;эк.
Ученик414;9Б;эк.
Ученик415;9Б;эк.
Ученик416;9Б;эк.
Ученик417;9Б;эк.
Ученик418;9Б;эк.
Ученик419;9Б;эк.
Ученик420;9Б;эк.
Ученик421;9Б;эк.
Ученик422;9Б;эк.
Ученик423;9Б;эк.
Ученик424;9Б;эк.
Ученик425;9Б;эк.
Ученик426;9В;1
Ученик427;9В;1
Ученик428;9В;1
Ученик429;9В;1
Ученик430;9В;1
Ученик431;9В;1
Ученик432;9В;2
Ученик433;9В;2
Ученик434;9В;2
Ученик435;9В;2
Ученик436;9В;2
Ученик437;9В;2
Ученик438;9В;2
Ученик439;9В;2
Ученик440;9В;2
Ученик441;9В;2
Ученик442;10А;1
Ученик443;10А;1
Ученик444;10А;1
Ученик445;10А;1
Ученик446;10А;1
Ученик447;10А;1
Ученик448;10А;1
Ученик449;10А;1
Ученик450;10А;1
Ученик451;10А;1
Ученик452;10А;1
Ученик453;10А;1
Ученик454;10А;1
Ученик455;10А;2
Ученик456;10А;2
Ученик457;10А;2
Ученик458;10А;2
Ученик459;10А;2
Ученик460;10А;2
Ученик461;10А;2
Ученик462;10А;2
Ученик463;10А;2
Ученик464;10А;2
Ученик465;10А;2
Ученик466;10А;2
Ученик467;10А;2
Ученик468;10А;2
Ученик469;10А;2
Ученик470;10А;2
Ученик471;10Б;ест.
Ученик472;10Б;ест.
Ученик473;10Б;ест.
Ученик474;10Б;ест.
Ученик475;10Б;ест.
Ученик476;10Б;ест.
Ученик477;10Б;ест.
Ученик478;10Б;ест.
Ученик479;10Б;ест.
Ученик480;10Б;ест.
Ученик481;10Б;ест.
Ученик482;10Б;эк.
Ученик483;10Б;эк.
Ученик484;10Б;эк.
Ученик485;10Б;эк.
Ученик486;10Б;эк.
Ученик487;10Б;эк.
Ученик488;10Б;эк.
Ученик489;10Б;эк.
Ученик490;10Б;эк.
Ученик491;10Б;эк.
Ученик492;10Б;эк.
Ученик493;10Б;эк.
Ученик494;10Б;эк.
Ученик495;10Б;эк.
Ученик496;10Б;эк.
Ученик497;10Б;эк.
Ученик498;10Б;эк.
Ученик499;11А;1
Ученик500;11А;1
Ученик501;11А;1
Ученик502;11А;1
Ученик503;11А;1
Ученик504;11А;1
Ученик505;11А;1
Ученик506;11А;1
Ученик507;11А;1
Ученик508;11А;2
Ученик509;11А;2
Ученик510;11А;2
Ученик511;11А;2
Ученик512;11А;2
Ученик513;11А;2
Ученик514;11А;2
Ученик515;11А;2
Ученик516;11А;2
Ученик517;11А;2
Ученик518;11А;2
Ученик519;11А;2
Ученик520;11Б;ест.
Ученик521;11Б;ест.
Ученик522;11Б;ест.
Ученик523;11Б;ест.
Ученик524;11Б;ест.
Ученик525;11Б;ест.
Ученик526;11Б;ест.
Ученик527;11Б;ест.
Ученик528;11Б;ест.
Ученик529;11Б;ест.
Ученик530;11Б;ест.
Ученик531;11Б;эк.
Ученик532;11Б;эк.
Ученик533;11Б;эк.
Ученик534;11Б;эк.
Ученик535;11Б;эк.
Ученик536;11Б;эк.
Ученик537;11Б;эк.
Ученик538;11Б;эк.
Ученик539;11Б;эк.
Ученик540;11Б;эк.
Ученик541;11Б;эк.
Ученик542;11Б;эк.
Ученик543;11Б;эк.
Ученик544;11Б;эк.
Ученик545;11Б;эк.
Ученик546;11Б;эк.
Ученик547;11Б;эк.
